name,pretty_name,description,url,is_fork,created_at
Open-In-Windsurf-KDE,Open In Windsurf Kde,"Implementing an ""Open In Windsurf"" (AI IDE) context menu element for KDE Plasma",https://github.com/danielrosehill/Open-In-Windsurf-KDE,False,2025-05-21T13:37:01Z
Social-Impact-Bond-Data,Social Impact Bond Data,"Point-in-time analysis of impact bond data from INDIGO (Government Outcomes Lab, Oxford University)",https://github.com/danielrosehill/Social-Impact-Bond-Data,False,2025-05-20T13:00:37Z
Mic-Input-Boot-FX-Script-Ubuntu,Mic Input Boot Fx Script Ubuntu,Boot script to ensure that Easy Effects manages the input sound source on boot (Ubuntu),https://github.com/danielrosehill/Mic-Input-Boot-FX-Script-Ubuntu,False,2025-05-19T09:41:06Z
System-Prompt-Tuning-Agent-N8N,System Prompt Tuning Agent N8n,N8N agent workflow for an agent that recommends fixes to system prompts based on structured user inputs provided by form,https://github.com/danielrosehill/System-Prompt-Tuning-Agent-N8N,False,2025-05-18T17:45:28Z
Tech-Stack,Tech Stack,Tech stack and recommendations,https://github.com/danielrosehill/Tech-Stack,False,2025-05-18T09:10:42Z
Home-Inventory-AI-Assistants,Home Inventory Artificial Intelligence Assistants,System prompts for home inventory and Homebox assistants to speed up repetitive tasks,https://github.com/danielrosehill/Home-Inventory-AI-Assistants,False,2025-05-17T11:41:32Z
Red-Alert-HA-Template-0525,Red Alert Home Assistant Template 0525,Updated Red Alert automations reflecting the new preemptive update class from Pikud Haoref,https://github.com/danielrosehill/Red-Alert-HA-Template-0525,False,2025-05-15T18:32:13Z
Israel-Gov-Open-Data,Israel Gov Open Data,Notebook for recording any intersting datasets from data.gov.il (israeli open data),https://github.com/danielrosehill/Israel-Gov-Open-Data,False,2025-05-09T17:13:35Z
Red-Alert-MQTT-Desktop-Notifier-Public,Red Alert Mqtt Desktop Notifier Public,MQTT notification agent for Linux desktop to receive Red Alert MQTT topic pushes from HA,https://github.com/danielrosehill/Red-Alert-MQTT-Desktop-Notifier-Public,False,2025-05-09T15:09:23Z
oref_alert,Oref_alert,Israeli Oref Alerts,https://github.com/danielrosehill/oref_alert,True,2025-05-09T13:39:24Z
Local-Linux-Repair-Bot,Local Linux Repair Bot,Experimentary repo to try use an AI IDE as a local agent workspace for local OS debugging,https://github.com/danielrosehill/Local-Linux-Repair-Bot,False,2025-05-08T18:52:03Z
MCP-Server-JSON-Sync,Mcp Server Json Sync,Sync script for syncing VS Code MCP server JSON to Roo Code's store,https://github.com/danielrosehill/MCP-Server-JSON-Sync,False,2025-05-08T01:17:13Z
Wasabi-Bucket-Management,Wasabi Bucket Management,No description provided,https://github.com/danielrosehill/Wasabi-Bucket-Management,False,2025-05-07T22:32:42Z
Google-Air-Quality-MCP-Postman-Autogenerated,Google Air Quality Mcp Postman Autogenerated,No description provided,https://github.com/danielrosehill/Google-Air-Quality-MCP-Postman-Autogenerated,False,2025-05-07T20:18:41Z
Google-Air-Quality-MCP,Google Air Quality Mcp,WIP - MCP server for querying Google Map's environmental API to retrieve air quality data for a geolocation,https://github.com/danielrosehill/Google-Air-Quality-MCP,False,2025-05-07T18:41:53Z
Audiopenai-Edit-Prompts,Audiopenai Edit Prompts,Text transformation prompts library for Audiopen.ai (my customs),https://github.com/danielrosehill/Audiopenai-Edit-Prompts,False,2025-05-06T20:44:40Z
Great-AI-Convos,Great Artificial Intelligence Convos,"A few timestampped conversations with AI tools that left an impression, recorded for posterity",https://github.com/danielrosehill/Great-AI-Convos,False,2025-05-06T15:36:12Z
Personal-Dashboard-Project,Personal Dashboard Project,Project to build a personal dashboard (WIP),https://github.com/danielrosehill/Personal-Dashboard-Project,False,2025-05-06T14:36:50Z
Continue-Dev-Blocks,Continue Dev Blocks,Configuration blocks for Continue.dev code-gen assistants,https://github.com/danielrosehill/Continue-Dev-Blocks,False,2025-05-06T07:48:53Z
My-Code-Gen-Copilot,My Code Gen Copilot,Layered config for a code-gen assistant developed using Continue's clever approach,https://github.com/danielrosehill/My-Code-Gen-Copilot,False,2025-05-06T07:25:13Z
awesome-mcp-clients,Awesome Mcp Clients,A collection of MCP clients.,https://github.com/danielrosehill/awesome-mcp-clients,True,2025-05-06T02:34:36Z
Cline-Rules,Cline Rules,Rules file for Cline,https://github.com/danielrosehill/Cline-Rules,False,2025-05-06T00:47:20Z
fonts,Fonts,"Font files available from Google Fonts, and a public issue tracker for all things Google Fonts",https://github.com/danielrosehill/fonts,True,2025-05-05T23:35:59Z
sim,Sim,"Sim Studio is an open-source agent workflow builder. Sim Studio's interface is a lightweight, intuitive way to quickly build and deploy LLMs that connect with your favorite tools.",https://github.com/danielrosehill/sim,True,2025-05-04T23:04:16Z
MCP-Server-Ideas,Mcp Server Ideas,Plans/WIP for MCP servers,https://github.com/danielrosehill/MCP-Server-Ideas,False,2025-05-04T20:32:30Z
Github-Gists-Backup-Public,Github Gists Backup Public,Backup script for backing up Github Gists,https://github.com/danielrosehill/Github-Gists-Backup-Public,False,2025-05-04T16:24:52Z
WAQI-Stations-Israel,Waqi Stations Israel,List of some WAQI reporting points in Israel (static snapshot),https://github.com/danielrosehill/WAQI-Stations-Israel,False,2025-04-30T16:56:11Z
WAQI-API-OpenAPI,Waqi Api Openapi,"OpenAPI version (non-official, made by Actions GPT) for WAQI API",https://github.com/danielrosehill/WAQI-API-OpenAPI,False,2025-04-30T15:21:51Z
WAQI-Prometheus-Pull,Waqi Prometheus Pull,Simple pull script for World Air Quality Index (WAQI) data for integrating with Grafana,https://github.com/danielrosehill/WAQI-Prometheus-Pull,False,2025-04-30T14:45:09Z
Audio-Context-Pipeline-Model-0425,Audio Context Pipeline Model 0425,Planning repo for personalised AI context pipeline with revised tooling,https://github.com/danielrosehill/Audio-Context-Pipeline-Model-0425,False,2025-04-29T16:02:56Z
ChatGPT-Stylistic-System-Prompts,Chatgpt Stylistic System Prompts,"Some boilerplate responses to ""how do  you want ChatGPT to behave""? to play around with creating different chat experiences through simple configs",https://github.com/danielrosehill/ChatGPT-Stylistic-System-Prompts,False,2025-04-29T13:41:08Z
Career-Data-AI-Context-Repo,Career Data Artificial Intelligence Context Repo,"Context repository for AI tools providing career info to guide agents, assistants, etc",https://github.com/danielrosehill/Career-Data-AI-Context-Repo,False,2025-04-28T18:45:01Z
Software-Wish-List-AI-Context,Software Wish List Artificial Intelligence Context,Context repository to connect to AI tools - things I look for in most software evaluations,https://github.com/danielrosehill/Software-Wish-List-AI-Context,False,2025-04-28T17:53:40Z
Prompt-Debugger-System-Prompts,Prompt Debugger System Prompts,"SPs for configuring ""self-debugging"" AI assistants and agents",https://github.com/danielrosehill/Prompt-Debugger-System-Prompts,False,2025-04-27T17:21:58Z
Test-System-Prompts,Test System Prompts,A collection of system prompts organised by capabilities for testing out various agent/assistant platforms,https://github.com/danielrosehill/Test-System-Prompts,False,2025-04-27T14:23:16Z
Pseudobot-System-Prompts,Pseudobot System Prompts,For having a bit of fun with the absurdity of the AI world we now live in,https://github.com/danielrosehill/Pseudobot-System-Prompts,False,2025-04-25T18:31:58Z
STT-Basic-Cleanup-System-Prompt,Speech to Text Basic Cleanup System Prompt,Basic foundational system prompt for cleaning up AI voice transcripts,https://github.com/danielrosehill/STT-Basic-Cleanup-System-Prompt,False,2025-04-24T16:46:11Z
HA-Air-Quality-Dashboard,Home Assistant Air Quality Dashboard,Air quality monitoring dashboard for Home Assistant,https://github.com/danielrosehill/HA-Air-Quality-Dashboard,False,2025-04-24T03:40:07Z
1Password-Credential-Updater,1password Credential Updater,WIP/Idea: Local AI utility for discovering and adding missing URI associations for saved 1P credentials,https://github.com/danielrosehill/1Password-Credential-Updater,False,2025-04-23T16:17:49Z
System-Prompts-0425,System Prompts 0425,A new repo for new system prompts,https://github.com/danielrosehill/System-Prompts-0425,False,2025-04-22T16:50:35Z
Shakespearean-Text-Generator-Streamlit,Shakespearean Text Generator Streamlit,Strealit app for generating Shakespearean text ... because why not,https://github.com/danielrosehill/Shakespearean-Text-Generator-Streamlit,False,2025-04-21T18:13:01Z
Shakespearean-Text-Generators,Shakespearean Text Generators,System prompts for rewriting text in Shakespearan English,https://github.com/danielrosehill/Shakespearean-Text-Generators,False,2025-04-21T17:16:42Z
Text-Transformation-Prompt-Collection-2,Text Transformation Prompt Collection 2,An abbreviated collection of STT transformation prompts,https://github.com/danielrosehill/Text-Transformation-Prompt-Collection-2,False,2025-04-21T14:01:42Z
Grafana-News-Monitoring-Dashboards,Grafana News Monitoring Dashboards,News monitoring dashboards focused on Israeli & ME News,https://github.com/danielrosehill/Grafana-News-Monitoring-Dashboards,False,2025-04-21T10:44:00Z
Smithery-Batch-Installer,Smithery Batch Installer,Speeds up installing Smithery MCP servers onto multiple clients,https://github.com/danielrosehill/Smithery-Batch-Installer,False,2025-04-21T08:38:26Z
Github-AI-Searches,Github Artificial Intelligence Searches,A series of search links for those wishing to drink from the firehose of open-source AI,https://github.com/danielrosehill/Github-AI-Searches,False,2025-04-18T14:44:00Z
OpenAI-Image-Renamer,Openai Image Renamer,Simple Python script for batch file renaming operations with OpenAI API,https://github.com/danielrosehill/OpenAI-Image-Renamer,False,2025-04-18T11:50:32Z
HA-Red-Alert-News-Dash,Home Assistant Red Alert News Dash,A Home Assistant dashboard for emergency alerts (Tzeva Adom) in Israel with and without live news,https://github.com/danielrosehill/HA-Red-Alert-News-Dash,False,2025-04-18T07:14:38Z
Israel-News-RSS-Feeds,Israel News Rss Feeds,Collection of RSS feeds about news in Israel,https://github.com/danielrosehill/Israel-News-RSS-Feeds,False,2025-04-18T01:19:22Z
Hebrew-LLMs,Hebrew Llms,A pathfinder repo (index) to some Hebrew language LLMs on Hugging Face,https://github.com/danielrosehill/Hebrew-LLMs,False,2025-04-17T20:05:37Z
ChatGPT-Custom-Instructions,Chatgpt Custom Instructions,Custom instructions for ChatGPT,https://github.com/danielrosehill/ChatGPT-Custom-Instructions,False,2025-04-17T19:28:21Z
Remote-Github-Repo-Pruner,Remote Github Repo Pruner,"CLI for pruning repos on the remote (ie, Github)",https://github.com/danielrosehill/Remote-Github-Repo-Pruner,False,2025-04-16T22:55:47Z
Better-Safe,Better Safe,CLI for taking on-demand Snapper snapshots (BTRFS),https://github.com/danielrosehill/Better-Safe,False,2025-04-16T22:32:42Z
Keyboard-Shortcuts-Ref,Keyboard Shortcuts Ref,"Because of all the tech products that have been invented, a keyboard shortcuts ref manager isn't one of them (yet!)",https://github.com/danielrosehill/Keyboard-Shortcuts-Ref,False,2025-04-16T21:31:59Z
Linux-Macropad-Planning,Linux Macropad Planning,Planning notes for a macropad for Linux,https://github.com/danielrosehill/Linux-Macropad-Planning,False,2025-04-16T19:03:49Z
Workstation-Specs,Workstation Specs,Periodically updated spec-sheet for workstation/desktop,https://github.com/danielrosehill/Workstation-Specs,False,2025-04-16T09:30:14Z
Windsurf-Global-Rules,Windsurf Global Rules,Some snippets for global rules configurations for Windsurf IDE,https://github.com/danielrosehill/Windsurf-Global-Rules,False,2025-04-13T17:45:22Z
Gemini-Prompt-Library-ideator,Gemini Prompt Library Ideator,Using Gemini structured outputs to ideate a prompt library for Open Web UI,https://github.com/danielrosehill/Gemini-Prompt-Library-ideator,False,2025-04-13T17:19:19Z
ASR-Training-Data-Chunker,Asr Training Data Chunker,Breaks up texts by approximate reading duration,https://github.com/danielrosehill/ASR-Training-Data-Chunker,False,2025-04-13T16:58:21Z
owui-pipelines,Owui Pipelines,"Pipelines: Versatile, UI-Agnostic OpenAI-Compatible Plugin Framework ",https://github.com/danielrosehill/owui-pipelines,True,2025-04-11T17:35:23Z
mcpo,Mcpo,"A simple, secure MCP-to-OpenAPI proxy server",https://github.com/danielrosehill/mcpo,True,2025-04-11T17:35:13Z
OWUI-Frontend-URLs,Owui Frontend Urls,Reference - frontend URLs for Open Web UI,https://github.com/danielrosehill/OWUI-Frontend-URLs,False,2025-04-11T16:50:08Z
Text-To-Image-Test-Prompts,Text To Image Test Prompts,Informal prompts for testing out text-to-image,https://github.com/danielrosehill/Text-To-Image-Test-Prompts,False,2025-04-11T13:26:31Z
The-Bot-Has-A-Question,The Bot Has A Question,Weird AI experiment #342,https://github.com/danielrosehill/The-Bot-Has-A-Question,False,2025-04-10T16:45:24Z
HFC-Wrapper-Linux,Hfc Wrapper Linux,"Home Front Command Wrapper - non-official, zero warranty offered!",https://github.com/danielrosehill/HFC-Wrapper-Linux,False,2025-04-10T16:26:39Z
Linux-MCP-Clients,Linux Mcp Clients,"A very small list of MCP clients that are available to Linux users, GUIs + CLIs",https://github.com/danielrosehill/Linux-MCP-Clients,False,2025-04-10T06:20:34Z
The-Jerusalem-Odyssey-Text,The Jerusalem Odyssey Text,A 100 page book manuscript generated from a single prompt using Sonnet 3.7,https://github.com/danielrosehill/The-Jerusalem-Odyssey-Text,False,2025-04-09T21:48:49Z
One-Prompt-AI-Book,One Prompt Artificial Intelligence Book,Experiment - generating a book using a single prompt,https://github.com/danielrosehill/One-Prompt-AI-Book,False,2025-04-09T21:12:04Z
Jewish-AI-Assistant-System-Prompts,Jewish Artificial Intelligence Assistant System Prompts,System prompts for AI tools which may be useful for Jewish users,https://github.com/danielrosehill/Jewish-AI-Assistant-System-Prompts,False,2025-04-09T15:19:04Z
How-The-CLI-Planning-Doc,How The Cli Planning Doc,Planning document/blueprint for a software /tech idea,https://github.com/danielrosehill/How-The-CLI-Planning-Doc,False,2025-04-09T14:35:08Z
Israel-Morning-News-Briefs-N8N-Perplexity-Sonar,Israel Morning News Briefs N8n Perplexity Sonar,Using Perplexity API structured prompting and N8N to deliver a tailored news brief,https://github.com/danielrosehill/Israel-Morning-News-Briefs-N8N-Perplexity-Sonar,False,2025-04-08T23:56:57Z
Agent-Network-Expander-Template,Agent Network Expander Template,Modelling how AI assistants can ideate the expansion of agent/assistant networks through a simple example-following pattern,https://github.com/danielrosehill/Agent-Network-Expander-Template,False,2025-04-08T15:27:06Z
System-Prompts-For-Book-Authors,System Prompts For Book Authors,System prompts for configuring AI assistants to help book authors including proofreading assistants and book marketing ideation tools,https://github.com/danielrosehill/System-Prompts-For-Book-Authors,False,2025-04-08T14:49:43Z
Structured-System-Prompt-Generator,Structured System Prompt Generator,Streamlit generator to aid with the creation of structured prompts,https://github.com/danielrosehill/Structured-System-Prompt-Generator,False,2025-04-08T13:38:23Z
Text-Transformation-Prompt-Combiner,Text Transformation Prompt Combiner,Basic implementation of a prompt concatenation utility for text transformation system prompts for converting transcribed text,https://github.com/danielrosehill/Text-Transformation-Prompt-Combiner,False,2025-04-07T20:52:26Z
Speech-To-Text-System-Prompt-Library,Speech To Text System Prompt Library,An updated skeleton library of system prompts for using LLMs to refine STT output,https://github.com/danielrosehill/Speech-To-Text-System-Prompt-Library,False,2025-04-07T19:33:46Z
Prompt-Library-Privacy-Screener,Prompt Library Privacy Screener,Model for a PII screen (using Ollama) for open sourcing prompt libraries safely,https://github.com/danielrosehill/Prompt-Library-Privacy-Screener,False,2025-04-07T18:33:23Z
Careers-Utilities-System-Prompts,Careers Utilities System Prompts,System prompts for AI assistants related to career and job matters,https://github.com/danielrosehill/Careers-Utilities-System-Prompts,False,2025-04-06T15:14:38Z
Geopolitical-Analysis-System-Prompts,Geopolitical Analysis System Prompts,System prompts for geopolitical related AI assistants and tools,https://github.com/danielrosehill/Geopolitical-Analysis-System-Prompts,False,2025-04-06T15:05:09Z
Linux-Related-System-Prompts,Linux Related System Prompts,System prompts for AI assistants for Linux,https://github.com/danielrosehill/Linux-Related-System-Prompts,False,2025-04-06T14:58:38Z
Data-Utilities-System-Prompts,Data Utilities System Prompts,System prompts for data-related AI assistants,https://github.com/danielrosehill/Data-Utilities-System-Prompts,False,2025-04-06T14:53:26Z
My-Prompt-Libraries,My Prompt Libraries,Index for my collections of user and system prompts on Github,https://github.com/danielrosehill/My-Prompt-Libraries,False,2025-04-06T14:30:34Z
Email-Management-System-Prompts,Email Management System Prompts,Writing and email management system prompts for assistants,https://github.com/danielrosehill/Email-Management-System-Prompts,False,2025-04-06T14:17:35Z
Prompt-Engineering-Assistants-System-Prompts,Prompt Engineering Assistants System Prompts,System prompts for AI assistants designed to assist with various aspects of prompt engineering,https://github.com/danielrosehill/Prompt-Engineering-Assistants-System-Prompts,False,2025-04-06T12:26:24Z
AI-Orchestration-System-Prompts,Artificial Intelligence Orchestration System Prompts,System prompts for AI assistants designed to orchestrate access to other agents,https://github.com/danielrosehill/AI-Orchestration-System-Prompts,False,2025-04-06T10:37:03Z
Jewish-Interest-MCP-Projects,Jewish Interest Mcp Projects,Some MCP (model context protocol) servers which might be of interest to Jewish users,https://github.com/danielrosehill/Jewish-Interest-MCP-Projects,False,2025-04-05T21:26:23Z
Deep-Research-Projects-0425,Deep Research Projects 0425,"A collection of links to a few AI ""deep research"" projects and agents, April 2025",https://github.com/danielrosehill/Deep-Research-Projects-0425,False,2025-04-05T21:02:12Z
Remote-Jobs-Research-Agent,Remote Jobs Research Agent,Company research agent targeted towards the needs of remote job seekers sourcing detailed information about company backgrounds as well as remote-specific information,https://github.com/danielrosehill/Remote-Jobs-Research-Agent,False,2025-04-04T17:02:11Z
Structured-Gemini-Prompts,Structured Gemini Prompts,A couple of examples of using Gemini 2.5 with structured outputs in Google AI Studio in order to conduct document analysis. ,https://github.com/danielrosehill/Structured-Gemini-Prompts,False,2025-04-03T17:45:49Z
Perplexity-API-Tests-020425,Perplexity Api Tests 020425,Quick test prompts to compare respones against various Sonar API endpoints,https://github.com/danielrosehill/Perplexity-API-Tests-020425,False,2025-04-02T16:41:22Z
AI-Agent-Workspace-Spec-310325,Artificial Intelligence Agent Workspace Spec 310325,"Description of my current AI ""agent"" workspace, challenges, plans",https://github.com/danielrosehill/AI-Agent-Workspace-Spec-310325,False,2025-03-31T18:30:53Z
OWUI-Docker-Compose-Generation-Agent,Owui Docker Compose Generation Agent,Agent for generating custom Docker Compose files for Open Web UI,https://github.com/danielrosehill/OWUI-Docker-Compose-Generation-Agent,False,2025-03-30T16:38:40Z
Whisper-Notepad-Simple,Whisper Notepad Simple,A Linux desktop utility for converting speech to text using the OpenAI Whisper API,https://github.com/danielrosehill/Whisper-Notepad-Simple,False,2025-03-30T11:39:49Z
You-Might-Like-Agent,You Might Like Agent,"CLI that generates batches of curated recommendations for movies, books, podcasts, etc",https://github.com/danielrosehill/You-Might-Like-Agent,False,2025-03-30T11:32:42Z
Voice-Notepad-With-Transformations,Voice Notepad With Transformations,Linux voice notepad (latest version) with text transformations in addition to STT,https://github.com/danielrosehill/Voice-Notepad-With-Transformations,False,2025-03-29T15:39:04Z
AI-Assistant-Ideator-Streamlit,Artificial Intelligence Assistant Ideator Streamlit,"Streamlit implementation for an AI ""self-ideation"" utility",https://github.com/danielrosehill/AI-Assistant-Ideator-Streamlit,False,2025-03-29T14:50:56Z
Assistant-Self-Ideation-280325,Assistant Self Ideation 280325,"AI assistant ""self-ideation"" run",https://github.com/danielrosehill/Assistant-Self-Ideation-280325,False,2025-03-28T13:09:43Z
Ollama-Ideation-UI,Ollama Ideation Ui,"Desktop app for running batch ""ideation"" prompts with a local LLM",https://github.com/danielrosehill/Ollama-Ideation-UI,False,2025-03-28T05:27:07Z
OpenWebUI-Bulk-Model-Updater,Openwebui Bulk Model Updater,"Python script for applying bulk updates to models in Open Web UI, changing the base model ID to a preferred value",https://github.com/danielrosehill/OpenWebUI-Bulk-Model-Updater,False,2025-03-28T04:17:22Z
System-Prompt-Generation-Configurations,System Prompt Generation Configurations,System prompts for using AI tools to generate and improve system prompts,https://github.com/danielrosehill/System-Prompt-Generation-Configurations,False,2025-03-26T18:52:44Z
AI-Agent-Ideation-Chatbot-System-Prompt,Artificial Intelligence Agent Ideation Chatbot System Prompt,System prompt (03/25) for a conversational AI agent and assistant idea generator,https://github.com/danielrosehill/AI-Agent-Ideation-Chatbot-System-Prompt,False,2025-03-26T18:31:06Z
Research-System-Prompts,Research System Prompts,System prompts for research purposes,https://github.com/danielrosehill/Research-System-Prompts,False,2025-03-26T17:33:20Z
Voice-Prompt-Editor,Voice Prompt Editor,Streamlit app for capturing and editing prompts and system prompts,https://github.com/danielrosehill/Voice-Prompt-Editor,False,2025-03-25T13:11:33Z
AI-Text-Rewriting-Toolbox,Artificial Intelligence Text Rewriting Toolbox,LLM text reformatting and rewriting toolbox comprised of many system prompts,https://github.com/danielrosehill/AI-Text-Rewriting-Toolbox,False,2025-03-25T10:49:00Z
Side-Hustle-Ideation-Agent,Side Hustle Ideation Agent,Agent config for ideating a batch of side hustle ideas!,https://github.com/danielrosehill/Side-Hustle-Ideation-Agent,False,2025-03-25T08:14:58Z
AI-Agent-Ideation-Agent,Artificial Intelligence Agent Ideation Agent,Ideation agent that generates ideas for AI agents!,https://github.com/danielrosehill/AI-Agent-Ideation-Agent,False,2025-03-25T03:14:26Z
Writing-System-Prompts,Writing System Prompts,Some system prompts related to text modification and optimisation for some WIPs,https://github.com/danielrosehill/Writing-System-Prompts,False,2025-03-24T22:49:03Z
Open-Letters,Open Letters,For those rare occasions when I want to share something in 'open letter' format...,https://github.com/danielrosehill/Open-Letters,False,2025-03-24T17:26:49Z
Whisper-Converter-Linux,Whisper Converter Linux,Minimalist AI-generated desktop utility for Linux using Whisper API to transcribe audio files,https://github.com/danielrosehill/Whisper-Converter-Linux,False,2025-03-24T15:42:54Z
OpenWebUI-API-Schema-Exports,Openwebui Api Schema Exports,Point-in-time segmented export of the Open Web UI API definition,https://github.com/danielrosehill/OpenWebUI-API-Schema-Exports,False,2025-03-22T18:41:19Z
Voice-Notepad-Prototype-Planning,Voice Notepad Prototype Planning,Planning and outlining for an AI voice app for organisation,https://github.com/danielrosehill/Voice-Notepad-Prototype-Planning,False,2025-03-22T17:19:23Z
HA-Red-Alerts-Model-Automations,Home Assistant Red Alerts Model Automations,A few automations and hardware recommendations for HA + Pikud HaOref integration,https://github.com/danielrosehill/HA-Red-Alerts-Model-Automations,False,2025-03-21T20:46:59Z
owui-cookbook,Owui Cookbook,we're cooking,https://github.com/danielrosehill/owui-cookbook,True,2025-03-21T00:11:05Z
Github-To-OpenWebUI-Context-Pipeline,Github To Openwebui Context Pipeline,Model data pipeline from a Github repository to Open Web UI knowledge using actions,https://github.com/danielrosehill/Github-To-OpenWebUI-Context-Pipeline,False,2025-03-20T23:37:22Z
Open-Web-UI-Model-Index-Public,Open Web Ui Model Index Public,An index of models that I have open-sourced on Open Web UI Community,https://github.com/danielrosehill/Open-Web-UI-Model-Index-Public,False,2025-03-20T16:36:19Z
Interesting-Tech-Things,Interesting Tech Things,A personal (and open-source) backlog of tech projects to check out,https://github.com/danielrosehill/Interesting-Tech-Things,False,2025-03-19T17:42:32Z
Github-Repo-Indexer-Gemini,Github Repo Indexer Gemini,Uses Gemini and Github API to retrieve and organise Github repos,https://github.com/danielrosehill/Github-Repo-Indexer-Gemini,False,2025-03-19T14:00:12Z
Github-Notation,Github Notation,A shorthand system I use to organise repositories,https://github.com/danielrosehill/Github-Notation,False,2025-03-19T12:54:49Z
OpenWebUI-Model-Export-Converter,Openwebui Model Export Converter,Data processing script for converting manual JSON exports into parsed CSV data,https://github.com/danielrosehill/OpenWebUI-Model-Export-Converter,False,2025-03-19T12:11:13Z
Windsurf-Updater,Windsurf Updater,Stopgap and non-official utillity for updating Windsurf on non-Ubuntu Linux (Tarball installer),https://github.com/danielrosehill/Windsurf-Updater,False,2025-03-18T19:00:18Z
Windsurf-Demo-Repo,Windsurf Demo Repo,Skeleton / model repo for using Windsurf for code generation (WIP),https://github.com/danielrosehill/Windsurf-Demo-Repo,False,2025-03-18T11:00:45Z
Awesome-Self-Hosted-AI-Tools,Awesome Self Hosted Artificial Intelligence Tools,Great AI tools that can be self-hosted,https://github.com/danielrosehill/Awesome-Self-Hosted-AI-Tools,False,2025-03-16T18:06:28Z
My-AI-Stack,My Artificial Intelligence Stack,Periodically updated documentation about current AI stack/favorite components,https://github.com/danielrosehill/My-AI-Stack,False,2025-03-14T15:26:40Z
Whisper-Notepad-For-Linux,Whisper Notepad For Linux,Notepad for Linux that uses OpenAI Whisper (API) and reformats dictated text,https://github.com/danielrosehill/Whisper-Notepad-For-Linux,False,2025-03-13T19:02:13Z
AI-Dev-Prompts-Example,Artificial Intelligence Dev Prompts Example,"Examples of AI prompts for code generation (Python GUI) and some notes on emerging ""best practices""",https://github.com/danielrosehill/AI-Dev-Prompts-Example,False,2025-03-13T16:37:34Z
Docs-Grabber,Docs Grabber,A quick utility for grabbing docs from Github repos (use-case: providing context to AI tools),https://github.com/danielrosehill/Docs-Grabber,False,2025-03-13T15:58:03Z
AutoGPT,Autogpt,"AutoGPT is the vision of accessible AI for everyone, to use and to build on. Our mission is to provide the tools, so that you can focus on what matters.",https://github.com/danielrosehill/AutoGPT,True,2025-03-13T13:40:07Z
Browser-Use-Agent-GUI,Browser Use Agent Gui,Linux GUI for initiating and monitoring Browser Use with an exit switch,https://github.com/danielrosehill/Browser-Use-Agent-GUI,False,2025-03-13T11:51:33Z
OpenWebUI-Postgres-Qdrant,Openwebui Postgres Qdrant,Docker Compose for OpenWebUI + Postgres + Qdrant,https://github.com/danielrosehill/OpenWebUI-Postgres-Qdrant,False,2025-03-12T10:29:42Z
Lazy-Awesome-Lists,Lazy Awesome Lists,For when you're feeling inspired to make an awesome list but it all seems like so much work...,https://github.com/danielrosehill/Lazy-Awesome-Lists,False,2025-03-11T19:54:17Z
AI-Assistant-Ideator,Artificial Intelligence Assistant Ideator,Streamlit app for ideating AI assisants,https://github.com/danielrosehill/AI-Assistant-Ideator,False,2025-03-09T19:21:47Z
AI-Assistant-Builder,Artificial Intelligence Assistant Builder,Streamlit app for honing system prompts for AI assistants,https://github.com/danielrosehill/AI-Assistant-Builder,False,2025-03-09T14:12:18Z
Open-Web-UI-Homebox-Tool,Open Web Ui Homebox Tool,No description provided,https://github.com/danielrosehill/Open-Web-UI-Homebox-Tool,False,2025-03-07T14:22:02Z
Context-Chunker-Assistant,Context Chunker Assistant,A n interactive chatbot approach to chunking context data for embedding into RAG,https://github.com/danielrosehill/Context-Chunker-Assistant,False,2025-03-07T00:54:50Z
Openwebui-Hunter-Tool,Openwebui Hunter Tool,No description provided,https://github.com/danielrosehill/Openwebui-Hunter-Tool,False,2025-03-07T00:23:49Z
Open-WebUI-Backups,Open Webui Backups,"A model backup script for backing up an Open Web UI instance (SQLite, ChromaDB)",https://github.com/danielrosehill/Open-WebUI-Backups,False,2025-03-05T15:14:24Z
AI-Assistant-Library-Frontend,Artificial Intelligence Assistant Library Frontend,"Display frontend for system prompt library, 03-25",https://github.com/danielrosehill/AI-Assistant-Library-Frontend,False,2025-03-04T15:42:07Z
About-Me,About Me,Because behind every Github profile is (hopefully) a human being!,https://github.com/danielrosehill/About-Me,False,2025-03-04T14:31:31Z
Jerusalem-Tech-Companies,Jerusalem Tech Companies,"Mapping tech companies in Jerusalem, Israel",https://github.com/danielrosehill/Jerusalem-Tech-Companies,False,2025-03-04T12:51:08Z
Roo-Code-Docs,Roo Code Docs,"This is the documentation for Roo Code (prev. Roo Cline), an AI-powered autonomous coding agent that lives in your editor.",https://github.com/danielrosehill/Roo-Code-Docs,True,2025-03-04T12:37:10Z
Roo-Code,Roo Code,Roo Code (prev. Roo Cline) gives you a whole dev team of AI agents in your code editor.,https://github.com/danielrosehill/Roo-Code,True,2025-03-04T12:32:45Z
Markdown-Keep-Or-Delete,Markdown Keep Or Delete,No description provided,https://github.com/danielrosehill/Markdown-Keep-Or-Delete,False,2025-03-04T01:44:47Z
AI-Assistant-System-Prompt-Library-0325-Export,Artificial Intelligence Assistant System Prompt Library 0325 Export,Point in time export of system prompts in natural language (markdown),https://github.com/danielrosehill/AI-Assistant-System-Prompt-Library-0325-Export,False,2025-03-03T20:40:35Z
Speech-To-Docs,Speech To Docs,"WIP. Building on a successful POC Whisper notepad, an attempt to build on the idea.",https://github.com/danielrosehill/Speech-To-Docs,False,2025-03-03T20:05:56Z
Dollar-Software-Genie,Dollar Software Genie,No description provided,https://github.com/danielrosehill/Dollar-Software-Genie,False,2025-03-03T02:55:56Z
Linux-Github-Repo-Launcher,Linux Github Repo Launcher,Github repository search and quick launch utility preconfigured for VS Code & Windsurf,https://github.com/danielrosehill/Linux-Github-Repo-Launcher,False,2025-03-03T01:51:01Z
openwebui-docs,Openwebui Docs,https://docs.openwebui.com,https://github.com/danielrosehill/openwebui-docs,True,2025-03-02T19:00:57Z
is_remote_friendly,Is_remote_friendly,"A taxonomy to categorise companies' variations of ""remote friendliness"" for personal purposes",https://github.com/danielrosehill/is_remote_friendly,False,2025-03-01T20:46:16Z
Whisper-Transcription-Notepad-Linux,Whisper Transcription Notepad Linux,Transcription notepad with cloud speech to text (STT) for Linux,https://github.com/danielrosehill/Whisper-Transcription-Notepad-Linux,False,2025-02-27T15:16:59Z
Linux-Whisper-Notepad,Linux Whisper Notepad,A minimalist desktop notepad using OpenAI Whisper (via API),https://github.com/danielrosehill/Linux-Whisper-Notepad,False,2025-02-27T15:09:49Z
My-Bash-Aliases,My Bash Aliases,"Personal bash alias library, public",https://github.com/danielrosehill/My-Bash-Aliases,False,2025-02-26T16:13:35Z
STT-Price-Points-260225,Speech to Text Price Points 260225,Some timestampped API pricepoints for speech to text providers,https://github.com/danielrosehill/STT-Price-Points-260225,False,2025-02-26T14:15:31Z
System-Prompt-Factory,System Prompt Factory,A system prompt generation UI that combines model and user characteristics to generate more targeted (but still general) system prompts for LLMs,https://github.com/danielrosehill/System-Prompt-Factory,False,2025-02-25T00:57:03Z
General-System-Prompts,General System Prompts,Some system prompts intended to (attempt to) configure neutral behavior from LLMs,https://github.com/danielrosehill/General-System-Prompts,False,2025-02-24T23:53:01Z
Homebox-Desktop-Wrapper-AppImage,Homebox Desktop Wrapper Appimage,Linux Electron desktop wrapper for Homebox,https://github.com/danielrosehill/Homebox-Desktop-Wrapper-AppImage,False,2025-02-24T15:07:02Z
Thought-Pad,Thought Pad,"Linux desktop application that provides a two-stage process for creating notes from dictated speech (first stage, transcription via Whisper API; second stage light text formatting). Exports to markdown docs.",https://github.com/danielrosehill/Thought-Pad,False,2025-02-23T12:35:55Z
Github-Master-Index,Github Master Index,A repository that indexes my Github projects,https://github.com/danielrosehill/Github-Master-Index,False,2025-02-22T18:49:30Z
OpenWebUI-Macro-Keypad,Openwebui Macro Keypad,WIP idea. Macro keypad config for OpenWebUI shortcuts,https://github.com/danielrosehill/OpenWebUI-Macro-Keypad,False,2025-02-20T23:56:35Z
OpenWebUI-Prompt-Library,Openwebui Prompt Library,"A selection of prompts designed for use with Open Web UI (rather than conventional prompts, they're more useful for steering existing conversations)",https://github.com/danielrosehill/OpenWebUI-Prompt-Library,False,2025-02-19T18:26:47Z
Two-AIs-Talk,Two Ais Talk,"Experiment:  two AI agents, each one thinks the other is a liar...",https://github.com/danielrosehill/Two-AIs-Talk,False,2025-02-18T19:41:42Z
open-webui,Open Webui,"User-friendly AI Interface (Supports Ollama, OpenAI API, ...)",https://github.com/danielrosehill/open-webui,True,2025-02-18T17:58:09Z
System-Prompt-Generation-Agent-Configs,System Prompt Generation Agent Configs,"A collection of system prompts for agents instructed to generate or edit system prompts for other AI agents (yes, you read that right!)",https://github.com/danielrosehill/System-Prompt-Generation-Agent-Configs,False,2025-02-17T18:41:06Z
Snap-It,Snap It,Simple GUI for taking on-demand Snapper snapshots,https://github.com/danielrosehill/Snap-It,False,2025-02-17T11:30:47Z
Cline-Roo-Code-Repo-Template,Cline Roo Code Repo Template,Repo template for Cline / Roo Code AI dev with my docs-as-prompts approach!,https://github.com/danielrosehill/Cline-Roo-Code-Repo-Template,False,2025-02-16T07:14:59Z
AI-Assistants,Artificial Intelligence Assistants,"My useful, sprawling and only slightly crazy network of AI assistants for ... anything and everything",https://github.com/danielrosehill/AI-Assistants,False,2025-02-16T06:17:12Z
RooCode-Mode-Prompts,Roocode Mode Prompts,Some custom mode-setting system prompts for Roo Code,https://github.com/danielrosehill/RooCode-Mode-Prompts,False,2025-02-15T22:06:05Z
Github-Repo-Pruner,Github Repo Pruner,Helps to discard old repositories from a local filesystem (for Linux),https://github.com/danielrosehill/Github-Repo-Pruner,False,2025-02-15T19:32:20Z
Homebox-Ideas,Homebox Ideas,Tracking repo for some ideas for improving Homebox that I'm going to try develop!,https://github.com/danielrosehill/Homebox-Ideas,False,2025-02-15T18:23:01Z
Awesome-AI-Agents-And-Assistants,Awesome Artificial Intelligence Agents And Assistants,An ecosystem map of the AI agent and assistant building landscape in Feb 2025,https://github.com/danielrosehill/Awesome-AI-Agents-And-Assistants,False,2025-02-14T18:51:44Z
Friendly-AI-Exploration-Bot,Friendly Artificial Intelligence Exploration Bot,Configuration for an instructional tool for inquisitive AI students,https://github.com/danielrosehill/Friendly-AI-Exploration-Bot,False,2025-02-14T14:27:34Z
RAG-Markdown-Loader,Retrieval Augmented Generation Markdown Loader,Loads markdown documents into a folder,https://github.com/danielrosehill/RAG-Markdown-Loader,False,2025-02-13T16:21:41Z
Awesome-AI-Subreddits,Awesome Artificial Intelligence Subreddits,Subreddits discussing AI related things!,https://github.com/danielrosehill/Awesome-AI-Subreddits,False,2025-02-13T12:19:44Z
Personal-RAG-Agent-Workflow,Personal Retrieval Augmented Generation Agent Workflow,AI workflows for building personal RAG pipelines with interviewing agents,https://github.com/danielrosehill/Personal-RAG-Agent-Workflow,False,2025-02-12T11:15:00Z
RAG-API-SDK-Docs-Pipeline,Retrieval Augmented Generation Api Sdk Docs Pipeline,Pipeline for gathering useful API and SDK docs for ingestion into a RAG pipeline (for grounding),https://github.com/danielrosehill/RAG-API-SDK-Docs-Pipeline,False,2025-02-11T01:03:19Z
AI-Interview-Workflow-V2,Artificial Intelligence Interview Workflow V2,No description provided,https://github.com/danielrosehill/AI-Interview-Workflow-V2,False,2025-02-09T10:25:20Z
LLM-Max-Token-Length-0225,Large Language Model Max Token Length 0225,"A plot showing the evolution of the max output token length by major LLMs, Feb 2025",https://github.com/danielrosehill/LLM-Max-Token-Length-0225,False,2025-02-08T16:15:33Z
Open-That-Repo,Open That Repo,Utility for quickly opening a Github repo on your computer,https://github.com/danielrosehill/Open-That-Repo,False,2025-02-07T16:19:21Z
AI-Job-Search-Assistant-Workflow,Artificial Intelligence Job Search Assistant Workflow,A chained agent workflow for job hunters (presented as a model),https://github.com/danielrosehill/AI-Job-Search-Assistant-Workflow,False,2025-02-07T13:30:56Z
Home-Assistant-Smoke-Alarm-Config,Home Assistant Smoke Alarm Config,Documentation and code samples for smoke alarm monitoring in HA,https://github.com/danielrosehill/Home-Assistant-Smoke-Alarm-Config,False,2025-02-06T17:23:37Z
Israel-Preparedness-Guidelines-AI-Assistant,Israel Preparedness Guidelines Artificial Intelligence Assistant,AI assistant configuration for proviidng Home Front Command guidelines,https://github.com/danielrosehill/Israel-Preparedness-Guidelines-AI-Assistant,False,2025-02-05T22:01:41Z
Israel-To-ROW-Salary-Converter-V2,Israel To Row Salary Converter V2,V2 of Israel to ROW salary conversion utility (Streamlit),https://github.com/danielrosehill/Israel-To-ROW-Salary-Converter-V2,False,2025-02-05T20:03:57Z
Israeli-Google-Drive-Accounting-Doc-Router,Israeli Google Drive Accounting Doc Router,Routes accounting documents through Google Drive,https://github.com/danielrosehill/Israeli-Google-Drive-Accounting-Doc-Router,False,2025-02-05T19:21:15Z
Google-Drive-Folder-Scaffolding-Builder,Google Drive Folder Scaffolding Builder,Builds date/year folder scaffolding in Drive folders (with App Scripts),https://github.com/danielrosehill/Google-Drive-Folder-Scaffolding-Builder,False,2025-02-05T17:29:31Z
Dual-WhatsApp-Linux-Desktop,Dual Whatsapp Linux Desktop,Dual WA client for the Linux desktop (AI generated),https://github.com/danielrosehill/Dual-WhatsApp-Linux-Desktop,False,2025-02-03T17:09:57Z
Cline-Website-Creation-Demo,Cline Website Creation Demo,Demonstration project for YouTube using referred prompts for development,https://github.com/danielrosehill/Cline-Website-Creation-Demo,False,2025-02-03T17:03:37Z
Agentic-Context-Development-Interview-Demo,Agentic Context Development Interview Demo,Demonstration modelling how a chained LLM agent workflow could be used to expedite the generation of personal contextual data for personalised LLM experiences and personal RAG development,https://github.com/danielrosehill/Agentic-Context-Development-Interview-Demo,False,2025-02-03T17:01:23Z
AI-Generated-Projects-Index,Artificial Intelligence Generated Projects Index,Index of development projects that were partially or fully developed using AI,https://github.com/danielrosehill/AI-Generated-Projects-Index,False,2025-02-01T10:58:21Z
NFC-Reader-Writer-App,Nfc Reader Writer App,Desktop NFC reader/writer GUI for the ACR1252U (validated with NTAG213 on Linux),https://github.com/danielrosehill/NFC-Reader-Writer-App,False,2025-02-01T09:14:04Z
Home-Assistant-Israel-Dashboards,Home Assistant Israel Dashboards,HA dashboards with Israel-specifc entities,https://github.com/danielrosehill/Home-Assistant-Israel-Dashboards,False,2025-01-31T15:39:43Z
Weird-AI-Bots,Weird Artificial Intelligence Bots,Some configurations for offbeat AI roleplay characters just for fun,https://github.com/danielrosehill/Weird-AI-Bots,False,2025-01-31T01:09:50Z
Home-Assistant-YAML-Snippets,Home Assistant Yaml Snippets,Code snippets for Home Assistant dashboard elements,https://github.com/danielrosehill/Home-Assistant-YAML-Snippets,False,2025-01-30T15:16:09Z
HA-Shabbat-Dashboard-0125,Home Assistant Shabbat Dashboard 0125,Simple designed Home Assistant dashboard for Shabbat / Yom Tov times,https://github.com/danielrosehill/HA-Shabbat-Dashboard-0125,False,2025-01-30T09:38:34Z
Assistant-Config-Editor,Assistant Config Editor,Streamlit web UI for editing assistant configuration texts,https://github.com/danielrosehill/Assistant-Config-Editor,False,2025-01-28T23:59:59Z
LLM-Assistants-Web-Library,Large Language Model Assistants Web Library,A web UI for open-sourcing my assistant configurations (WIP),https://github.com/danielrosehill/LLM-Assistants-Web-Library,False,2025-01-28T22:07:00Z
Personalised-AI-Idea,Personalised Artificial Intelligence Idea,Some updated thoughts and sketches for creating personalised AI systems,https://github.com/danielrosehill/Personalised-AI-Idea,False,2025-01-28T17:11:06Z
AI-Assistant-Template,Artificial Intelligence Assistant Template,Template repository for version controlling AI assistant configurations (and associated elements like context data),https://github.com/danielrosehill/AI-Assistant-Template,False,2025-01-27T12:40:04Z
Assistant-Configuration-Improver,Assistant Configuration Improver,Assistant which improves the configuration of assistant configuration texts,https://github.com/danielrosehill/Assistant-Configuration-Improver,False,2025-01-27T12:32:16Z
Github-Ideas-And-FRs,Github Ideas And Frs,Ideas and feature requests contributed to Github projects,https://github.com/danielrosehill/Github-Ideas-And-FRs,False,2025-01-25T18:17:17Z
Voice-Assistant-Agent-Platforms,Voice Assistant Agent Platforms,A list of a few interesting tools for creating context-backed agents & assistants for voice interaction,https://github.com/danielrosehill/Voice-Assistant-Agent-Platforms,False,2025-01-23T18:42:17Z
Environmental-Data---AI-Assistants,Environmental Data   Artificial Intelligence Assistants,This repository is a gathering of AI assistants that I've developed for analysing sustainability-related data,https://github.com/danielrosehill/Environmental-Data---AI-Assistants,False,2025-01-22T15:23:31Z
Home-Assistant-YomTov-Shabbat-0125,Home Assistant Yomtov Shabbat 0125,Updated documentation for Home Assistant automations for Shabbat & Yom Tov observance,https://github.com/danielrosehill/Home-Assistant-YomTov-Shabbat-0125,False,2025-01-20T14:48:11Z
OpenWebUI-My-Docker-Compose,Openwebui My Docker Compose,A Docker Compose for Open Web UI with a few modifications,https://github.com/danielrosehill/OpenWebUI-My-Docker-Compose,False,2025-01-12T13:09:59Z
Better-Hashnode-Backups,Better Hashnode Backups,Backups a Hashnode blog including the images from the CDN,https://github.com/danielrosehill/Better-Hashnode-Backups,False,2025-01-12T10:28:28Z
Personal-AI-Agent-Development-Template,Personal Artificial Intelligence Agent Development Template,A model template/skeleton for creating personalised LLM agents,https://github.com/danielrosehill/Personal-AI-Agent-Development-Template,False,2025-01-11T00:29:23Z
AI-Second-Brain-Tools,Artificial Intelligence Second Brain Tools,"AI platforms that market themselves as ""second brains"" (RAG + LLM). Usually: knowledge discovery, mgmt, wiki + LLM capabilities. ",https://github.com/danielrosehill/AI-Second-Brain-Tools,False,2025-01-09T14:02:26Z
My-AI-LLM-Configs,My Artificial Intelligence Large Language Model Configs,Configurations for various models accessed via API,https://github.com/danielrosehill/My-AI-LLM-Configs,False,2025-01-09T05:07:50Z
Personal-Context-Store-Ideation,Personal Context Store Ideation,Prompts generating ideas for developing personal contextual knowledge storage vaults,https://github.com/danielrosehill/Personal-Context-Store-Ideation,False,2025-01-08T23:10:46Z
Just-Some-AI-App-Ideas,Just Some Artificial Intelligence App Ideas,"Gathering repository for various ideas involving AI that I am or have been working on (experiments, etc!)",https://github.com/danielrosehill/Just-Some-AI-App-Ideas,False,2025-01-08T17:38:53Z
Tool-Searches,Tool Searches,Documenting some tools that I'm on active quest to find!,https://github.com/danielrosehill/Tool-Searches,False,2025-01-06T14:40:43Z
USB-Foot-Mouse-Linux,Usb Foot Mouse Linux,Documentation for getting a cheap USB HID foot mouse to work on Linux,https://github.com/danielrosehill/USB-Foot-Mouse-Linux,False,2025-01-05T01:21:45Z
Awesome-STT-Tools,Awesome Speech to Text Tools,"A few useful speech to text tools that I've stumbled across including browser extensions, Linux desktop tools and ASR. ",https://github.com/danielrosehill/Awesome-STT-Tools,False,2025-01-04T22:25:54Z
My-Docker-Compose-Lib-Private,My Docker Compose Lib Private,No description provided,https://github.com/danielrosehill/My-Docker-Compose-Lib-Private,False,2025-01-04T18:21:53Z
Task-Management-App-Prompt,Task Management App Prompt,A versioned prompt just to find one tool! (Experimenting with prompt length and details provided to improve accuracy!),https://github.com/danielrosehill/Task-Management-App-Prompt,False,2025-01-02T18:15:07Z
Personal-STT-Benchmarking,Personal Speech to Text Benchmarking,Some personal benchmarks of STT models,https://github.com/danielrosehill/Personal-STT-Benchmarking,False,2024-12-31T15:29:51Z
Voice-LLM-App-Notes,Voice Large Language Model App Notes,A few notes describing the kind of voice app for large language models I would love to have!,https://github.com/danielrosehill/Voice-LLM-App-Notes,False,2024-12-30T16:10:23Z
Public-Or-Private-Repo-Extension,Public Or Private Repo Extension,WIP - VS Code Extension to notify users whether the repo they're working on is public or private,https://github.com/danielrosehill/Public-Or-Private-Repo-Extension,False,2024-12-30T15:20:38Z
Deepgram-STT-Linux-App,Deepgram Speech to Text Linux App,Work in progress - AI-assisted STT app for Linux desktop users,https://github.com/danielrosehill/Deepgram-STT-Linux-App,False,2024-12-30T15:17:42Z
Gmail-Search-Strings,Gmail Search Strings,Just a few search strings for finding stuff in overcrowded Gmail inboxes!,https://github.com/danielrosehill/Gmail-Search-Strings,False,2024-12-30T14:24:35Z
Perplexity-Security-1224,Perplexity Security 1224,"Repository to demonstrate the ""security through security"" being currently implemented",https://github.com/danielrosehill/Perplexity-Security-1224,False,2024-12-29T18:00:05Z
Feature-Ideas-And-Requests,Feature Ideas And Requests,General feature requests for tech tools that I use and love!,https://github.com/danielrosehill/Feature-Ideas-And-Requests,False,2024-12-29T14:49:30Z
Corn-The-Sloth-Public,Corn The Sloth Public,Character sketches for an AI character...,https://github.com/danielrosehill/Corn-The-Sloth-Public,False,2024-12-24T19:00:45Z
GVFD-Explorer-Chatbot-V2,Gvfd Explorer Chatbot V2,Chatbot supporting user discovery of the global value factors database,https://github.com/danielrosehill/GVFD-Explorer-Chatbot-V2,False,2024-12-24T17:46:02Z
Context-Data-Generation-Bot,Context Data Generation Bot,Configuration for an AI assistant to generate personal contextual data (and intended workflow),https://github.com/danielrosehill/Context-Data-Generation-Bot,False,2024-12-24T10:48:50Z
My-OpenAI-Python-SDK-Helper,My Openai Python Sdk Helper,Docs for a utility that pulls the readme page from OpenAI Python SDK documentation and formats it for a context snippet. ,https://github.com/danielrosehill/My-OpenAI-Python-SDK-Helper,False,2024-12-23T19:42:27Z
openai-python,Openai Python,The official Python library for the OpenAI API,https://github.com/danielrosehill/openai-python,True,2024-12-23T19:41:02Z
Prompt-And-Output-Separator,Prompt And Output Separator,Streamlit-deployed app which attempts to separate prompts and outputs from continuous text files,https://github.com/danielrosehill/Prompt-And-Output-Separator,False,2024-12-22T19:37:53Z
Mock-PII-Data,Mock Pii Data,Synthetic data containing personally identifiable information,https://github.com/danielrosehill/Mock-PII-Data,False,2024-12-20T14:19:04Z
Global-Value-Factors-Explorer-Dataset,Global Value Factors Explorer Dataset,Derivative database of IFVI Global Value Factors for data analysis and visualization use cases. ,https://github.com/danielrosehill/Global-Value-Factors-Explorer-Dataset,False,2024-12-20T00:10:49Z
Emissions-Monetisation-Calculator,Emissions Monetisation Calculator,"Calculation tool for ""monetising"" companies' emissions at various proposed social cost of carbon values",https://github.com/danielrosehill/Emissions-Monetisation-Calculator,False,2024-12-19T17:25:31Z
Prompt-Puncutation-Experiment,Prompt Puncutation Experiment,Experimenting to test the effect of puncutation in prompts on inference quality,https://github.com/danielrosehill/Prompt-Puncutation-Experiment,False,2024-12-19T14:02:02Z
Context-Waterfall-Architecture-Notes,Context Waterfall Architecture Notes,A model for routing contextual data into vector storage for use with LLMs,https://github.com/danielrosehill/Context-Waterfall-Architecture-Notes,False,2024-12-18T15:22:56Z
Personal-Context-Vector-Pipeline,Personal Context Vector Pipeline,Notes planning a personal contextual data pipeline,https://github.com/danielrosehill/Personal-Context-Vector-Pipeline,False,2024-12-17T23:18:45Z
Bias-Censorship-Eval-Tests,Bias Censorship Eval Tests,Some loosely organised experiments intended to probe the levels of political censorship inherent in LLMs,https://github.com/danielrosehill/Bias-Censorship-Eval-Tests,False,2024-12-17T01:43:52Z
Anonymisation-Assistant,Anonymisation Assistant,Configuration for a large language assistant designed to assist with redacting personally identifiable details in documents,https://github.com/danielrosehill/Anonymisation-Assistant,False,2024-12-16T23:13:12Z
Abusive-Message-Parser-AI-Config,Abusive Message Parser Artificial Intelligence Config,Configuration text for an LLM assistant designed to assist users with documenting abusive messages,https://github.com/danielrosehill/Abusive-Message-Parser-AI-Config,False,2024-12-15T14:22:14Z
Personal-Context-Repo-Idea,Personal Context Repo Idea,Outlining an idea for a personal context repository for enhancing LLM inference,https://github.com/danielrosehill/Personal-Context-Repo-Idea,False,2024-12-14T11:36:47Z
every-chatgpt-gui,Every Chatgpt Gui,"Every front-end GUI client for ChatGPT, Claude, and other LLMs",https://github.com/danielrosehill/every-chatgpt-gui,True,2024-12-12T21:05:06Z
PDF-Extract-And-TTS,Pdf Extract And Text to Speech,Streamlit app using Google Cloud APIs to extract core text from a PDF and perform TTS. For listening to long docs. API keys required.,https://github.com/danielrosehill/PDF-Extract-And-TTS,False,2024-12-12T17:47:27Z
LLM-Long-Codegen-Test,Large Language Model Long Codegen Test,Experiment to evaluate the ability of code-gen LLMs to generate a long continuous (single) output,https://github.com/danielrosehill/LLM-Long-Codegen-Test,False,2024-12-10T19:03:07Z
AI-Generated-Project-Starters,Artificial Intelligence Generated Project Starters,AI-generated project starters for anyone wishing to carry on the ideas!,https://github.com/danielrosehill/AI-Generated-Project-Starters,False,2024-12-09T19:03:53Z
My-Calculators,My Calculators,Unit exchange calculators for calculations I commonly require,https://github.com/danielrosehill/My-Calculators,False,2024-12-09T12:55:03Z
GHG-Emissions-Data-Pipeline,Ghg Emissions Data Pipeline,Data pipeline repository supplying various data visualisation projects,https://github.com/danielrosehill/GHG-Emissions-Data-Pipeline,False,2024-12-09T12:39:31Z
GHG-vs-EBITDA-V2,Ghg Vs Ebitda V2,Another data visualisation series comparing companies' GHG emissions with their EBITDA,https://github.com/danielrosehill/GHG-vs-EBITDA-V2,False,2024-12-09T09:46:21Z
Master-Index,Master Index,This repository serves as a master index linking to the various indices I have for more narrow groupings of topics.,https://github.com/danielrosehill/Master-Index,False,2024-12-08T09:58:23Z
Data-Projects-Index,Data Projects Index,"Data apps and datasets deployed to Streamlit Community Cloud, Hugging Face, and elsewhere. ",https://github.com/danielrosehill/Data-Projects-Index,False,2024-12-08T09:56:47Z
Sustainability-Report-Data-Extractor,Sustainability Report Data Extractor,Tool for extracting data-containing pages from sustainability reports,https://github.com/danielrosehill/Sustainability-Report-Data-Extractor,False,2024-12-08T09:45:05Z
Value-Factors-Data-Vis,Value Factors Data Vis,Streamlit app containing visualisations of the Global Value Factors Database (GVFD) released by the IFVI in 2024,https://github.com/danielrosehill/Value-Factors-Data-Vis,False,2024-12-05T01:52:24Z
Monetised-GHG-Emissions,Monetised Ghg Emissions,Calculating monetised GHG emissions for various companies based upon disclosure data,https://github.com/danielrosehill/Monetised-GHG-Emissions,False,2024-12-04T18:50:21Z
GHG-EBITDA-Correlations,Ghg Ebitda Correlations,Streamlit data visualisation examining correlation between emissions & profitability,https://github.com/danielrosehill/GHG-EBITDA-Correlations,False,2024-12-04T14:39:18Z
Fun-LLM-Data-Prompts,Fun Large Language Model Data Prompts,"As prompting fro data analysis & vis is quite specific, a small side collection of prompts for this purpose",https://github.com/danielrosehill/Fun-LLM-Data-Prompts,False,2024-12-03T19:04:12Z
Linux-Desktop-LLM-Apps,Linux Desktop Large Language Model Apps,"Quick list of  some LLM related apps with Linux desktop support (chat UIs, CLIs, wrappers, etc)",https://github.com/danielrosehill/Linux-Desktop-LLM-Apps,False,2024-12-02T20:31:08Z
Eco-Ninja-3,Eco Ninja 3,Configuration for an LLM assistant that performs analysis on sustainability data,https://github.com/danielrosehill/Eco-Ninja-3,False,2024-12-02T17:59:34Z
dsnote,Dsnote,"Speech Note Linux app. Note taking, reading and translating with offline Speech to Text, Text to Speech and Machine translation.",https://github.com/danielrosehill/dsnote,True,2024-12-01T19:23:43Z
Prompt-Builder,Prompt Builder,Work in progress. Assemble prompts based upon templated forms in the browser. ,https://github.com/danielrosehill/Prompt-Builder,False,2024-12-01T16:37:18Z
Monetised-Emissions-V2,Monetised Emissions V2,Monetised,https://github.com/danielrosehill/Monetised-Emissions-V2,False,2024-12-01T12:16:41Z
My-Docs-Index,My Docs Index,"An index to my various documentation projects, both on Github and elsewhere",https://github.com/danielrosehill/My-Docs-Index,False,2024-11-29T17:44:27Z
Demo-Github-Repo-Cleaner-Utility,Demo Github Repo Cleaner Utility,Demo repo for a YouTube video to share some thoughts about prompting for code generation.,https://github.com/danielrosehill/Demo-Github-Repo-Cleaner-Utility,False,2024-11-27T17:44:24Z
VS-Code-LLM-Tools,Vs Code Large Language Model Tools,A list of some extensions for working with large language models (LLMs) within the VS Code IDE,https://github.com/danielrosehill/VS-Code-LLM-Tools,False,2024-11-26T14:24:36Z
Daniels-Take-On,Daniels Take On,"My thoughts on a few random topics (for my documentation site), to get a bit of space to jot down things besides tech notes",https://github.com/danielrosehill/Daniels-Take-On,False,2024-11-25T22:41:46Z
LLM-Attribution-Badges,Large Language Model Attribution Badges,Markdown badges for attributing LLM generated (or co-generated) content (using Shields.io),https://github.com/danielrosehill/LLM-Attribution-Badges,False,2024-11-24T12:41:49Z
Langchain-Workflows,Langchain Workflows,A few projects for LangChain workflows using programmatic prompting for various purposes. ,https://github.com/danielrosehill/Langchain-Workflows,False,2024-11-23T12:04:20Z
Prompt-Engineering-Resources,Prompt Engineering Resources,Lists of resources and tools for prompt engineering and evaluation,https://github.com/danielrosehill/Prompt-Engineering-Resources,False,2024-11-21T19:22:56Z
Projects,Projects,A list of projects I am working on,https://github.com/danielrosehill/Projects,False,2024-11-20T14:37:31Z
LLM-Workflow-Documentation,Large Language Model Workflow Documentation,Documentation for managing prompts and outputs and working professionally with large language models (LLMs),https://github.com/danielrosehill/LLM-Workflow-Documentation,False,2024-11-20T10:30:01Z
LLM-Output-Notes,Large Language Model Output Notes,First entry documentation repository for notes mostly unedited from LLMs,https://github.com/danielrosehill/LLM-Output-Notes,False,2024-11-19T17:26:57Z
Docs-Archive,Docs Archive,archived documentation gathered from different sources and centralized on this repository. ,https://github.com/danielrosehill/Docs-Archive,False,2024-11-19T17:11:51Z
Gists,Gists,"Short tech notes (as in Github Gists, but versioned in a repo to sync them to a doc site)",https://github.com/danielrosehill/Gists,False,2024-11-19T17:05:04Z
Ideas,Ideas,The first seedlings of ideas as they pop out of my head and onto the page/code editor,https://github.com/danielrosehill/Ideas,False,2024-11-19T17:02:48Z
Sustainability-Reports-Source,Sustainability Reports Source,Source data and documentation for corporat sustainability disclosures/reporting,https://github.com/danielrosehill/Sustainability-Reports-Source,False,2024-11-19T15:36:25Z
GVFD-Derivative-Docs,Gvfd Derivative Docs,Documentation for derivative database of IFVI Global Value Factors Database (GVFD),https://github.com/danielrosehill/GVFD-Derivative-Docs,False,2024-11-19T12:03:59Z
Wiki,Wiki,"General purpose wiki for hosting Gists, how-tos, etc.",https://github.com/danielrosehill/Wiki,False,2024-11-19T10:20:29Z
My-Principles-Of-Prompting,My Principles Of Prompting,A small and opinionated repository of my thoughts about prompting LLMs to maximise their utility for specific use-cases,https://github.com/danielrosehill/My-Principles-Of-Prompting,False,2024-11-18T16:17:23Z
Mr-David-Rosen,Mr David Rosen,An LLM-generated alias to explore contextually guided prompting strategies,https://github.com/danielrosehill/Mr-David-Rosen,False,2024-11-14T13:04:02Z
LLMs-on-LLMs,Llms On Llms,"Large language models (LLMs) explaining themselves - and how to make best use of them (prompt engineering). Often insightful, though accuracy not guaranteed!",https://github.com/danielrosehill/LLMs-on-LLMs,False,2024-11-13T16:35:34Z
LLM-Experiment-Notebook,Large Language Model Experiment Notebook,Experiments in evaluating various prompting strategies and LLM performance generally,https://github.com/danielrosehill/LLM-Experiment-Notebook,False,2024-11-13T15:44:52Z
LibreChat,Librechat,"Enhanced ChatGPT Clone: Features Anthropic, AWS, OpenAI, Assistants API, Azure, Groq, o1, GPT-4o, Mistral, OpenRouter, Vertex AI, Gemini, Artifacts, AI model switching, message search, langchain, DALL-E-3, ChatGPT Plugins, OpenAI Functions, Secure Multi-User System, Presets, completely open-source for self-hosting. Actively in public development.",https://github.com/danielrosehill/LibreChat,True,2024-11-13T02:45:17Z
LLM-API-Price-Estimates,Large Language Model Api Price Estimates,Some cost estimates for using LLMs via API versus web UI services (like ChatGPT),https://github.com/danielrosehill/LLM-API-Price-Estimates,False,2024-11-12T13:34:44Z
Prompts-And-Outputs,Prompts And Outputs,"A vault of over 2,000 prompts and outputs derived from interactions with various large language models (LLMs)",https://github.com/danielrosehill/Prompts-And-Outputs,False,2024-11-08T11:56:00Z
GHG-Emissions-Monetisation-Calculator,Ghg Emissions Monetisation Calculator,Calculation simulation utility for monetised GHG emissions,https://github.com/danielrosehill/GHG-Emissions-Monetisation-Calculator,False,2024-11-03T16:22:39Z
Emissions-Data-Reports,Emissions Data Reports,A small selection of GHG emissions datapoints from various sources,https://github.com/danielrosehill/Emissions-Data-Reports,False,2024-11-03T09:26:27Z
My-LLM-KM-Idea,My Large Language Model Km Idea,"""High level"" documentation/thinking for a system I'm working on for storing large language model (LLM) derived information in a graph-backed knowledge base system",https://github.com/danielrosehill/My-LLM-KM-Idea,False,2024-10-31T13:27:50Z
Test-Markdown-Docs,Test Markdown Docs,"A few formatted markdown files for testing the real-time markdown rendering support of various knowledge management, note-taking and wiki tools",https://github.com/danielrosehill/Test-Markdown-Docs,False,2024-10-31T02:23:30Z
Prototypes,Prototypes,"Loose markdown files documenting various early stage projects (ie, prototypes)",https://github.com/danielrosehill/Prototypes,False,2024-10-30T20:25:01Z
My-Thoughts-On-Tech,My Thoughts On Tech,A first-entry notepad to jot down some notes that may be developed into blogs (or not). My philosophy and lens on everything from AI to backups.,https://github.com/danielrosehill/My-Thoughts-On-Tech,False,2024-10-30T15:42:31Z
Global-Value-Factors-Explorer,Global Value Factors Explorer,(Non-official) derivative version of IFVI Global Value Factors Database in JSON/GeoJSON to facilitate data analysis projects,https://github.com/danielrosehill/Global-Value-Factors-Explorer,False,2024-10-21T11:52:37Z
Israel-GeoInsights,Israel Geoinsights,Experimentary repository; using LLMs to analyse geopolitical developments in Israel & the Middle East,https://github.com/danielrosehill/Israel-GeoInsights,False,2024-10-21T01:25:17Z
LLM-Evaluation-Prompts,Large Language Model Evaluation Prompts,A few prompts that I am storing in a repo for the purpose of running controlled experiments comparing and benchmarking different LLMs for defined use-cases,https://github.com/danielrosehill/LLM-Evaluation-Prompts,False,2024-10-13T14:51:06Z
LLM-Prompt-Extraction-GUI,Large Language Model Prompt Extraction Gui,GUI for extracting prompts from outputs,https://github.com/danielrosehill/LLM-Prompt-Extraction-GUI,False,2024-10-06T13:25:56Z
pikud-haoref-api,Pikud Haoref Api,A Node.js wrapper library for Pikud Haoref's unofficial rocket alert API.,https://github.com/danielrosehill/pikud-haoref-api,True,2024-10-03T02:31:05Z
Example-LLM-Python-GUI-Build,Example Large Language Model Python Gui Build,No description provided,https://github.com/danielrosehill/Example-LLM-Python-GUI-Build,False,2024-10-02T16:22:24Z
Google-Fonts-Hebrew-Downloader,Google Fonts Hebrew Downloader,A utility for downloading Hebrew fonts from Google Fonts using the API (needs a key),https://github.com/danielrosehill/Google-Fonts-Hebrew-Downloader,False,2024-10-02T15:35:07Z
Nice-Hebrew-Fonts,Nice Hebrew Fonts,A collection of Hebrew fonts from around the internet,https://github.com/danielrosehill/Nice-Hebrew-Fonts,False,2024-10-02T15:02:58Z
Public-Shelter-Lists-Israel,Public Shelter Lists Israel,No description provided,https://github.com/danielrosehill/Public-Shelter-Lists-Israel,False,2024-10-02T14:20:58Z
Israel-News-Monitor,Israel News Monitor,News monitoring app intended for people living in Israel,https://github.com/danielrosehill/Israel-News-Monitor,False,2024-10-02T14:08:21Z
My-LLM-Context-Repo-Public,My Large Language Model Context Repo Public,"A context repo for experimenting with LLM models. A public version, so some info naturally withheld.",https://github.com/danielrosehill/My-LLM-Context-Repo-Public,False,2024-09-30T03:21:36Z
Awesome-Obsidian-AI-Tools,Awesome Obsidian Artificial Intelligence Tools,Obsidian plugins focused on leveraging AI & LLMs inside of (and beyond) vaults,https://github.com/danielrosehill/Awesome-Obsidian-AI-Tools,False,2024-09-30T00:14:49Z
Obisidian-Prompt-Output-Saver-Local-Only,Obisidian Prompt Output Saver Local Only,A GUI component for the Obsidian vault project. This saves prompts and outputs into the vault but doesn't integrate with an LLM API,https://github.com/danielrosehill/Obisidian-Prompt-Output-Saver-Local-Only,False,2024-09-29T18:52:09Z
Obsidian-Prompt-Output-Saver,Obsidian Prompt Output Saver,A utility for running prompts through the OpenAI API and saving them into an Obsidian Vault structured for LLM output storage,https://github.com/danielrosehill/Obsidian-Prompt-Output-Saver,False,2024-09-29T16:25:31Z
LLM-Obsidian-Vault-Backup-Utility,Large Language Model Obsidian Vault Backup Utility,"Simple backup GUI for my Obsidian vault for storing LLM artifacts (prompts, outputs, agent configs)",https://github.com/danielrosehill/LLM-Obsidian-Vault-Backup-Utility,False,2024-09-28T17:11:37Z
LLM-Workspace-Scaffolder,Large Language Model Workspace Scaffolder,"A quick scaffolding script for populating a repository with folders for organising prompts and outputs, as commonly required when working with LLMs",https://github.com/danielrosehill/LLM-Workspace-Scaffolder,False,2024-09-27T13:32:40Z
OpenAI-Github-Repo-Index-Creator,Openai Github Repo Index Creator,Simple script for creating a Github index using the OpenAI API,https://github.com/danielrosehill/OpenAI-Github-Repo-Index-Creator,False,2024-09-27T10:46:56Z
llmnote,Llmnote,"A markdown note taking application optimise for saving and storing outputs from LLM & GPT interactions (prompts, outputs, agent configurations)",https://github.com/danielrosehill/llmnote,True,2024-09-25T23:50:41Z
Model-Idea-Refinement-GPT-Agent,Model Idea Refinement Generative Pre-trained Transformer Agent,"A model/template for a custom GPT/LLM agent whose focus is on helping to ideate and improve a technology idea (example: ""Output Hub"")",https://github.com/danielrosehill/Model-Idea-Refinement-GPT-Agent,False,2024-09-22T18:56:25Z
Database-Relationship-Identifier-Postgres,Database Relationship Identifier Postgres,Utility that creates a human-readable manifest of the relationships contained in a Postgres database,https://github.com/danielrosehill/Database-Relationship-Identifier-Postgres,False,2024-09-22T12:47:36Z
How-To-Guides,How To Guides,My little tech discoveries available for anyone who wants to read them!,https://github.com/danielrosehill/How-To-Guides,False,2024-09-19T15:36:37Z
Natural-Language-Relationship-Definition,Natural Language Relationship Definition,Experiment: trying to create a database schema using natural language,https://github.com/danielrosehill/Natural-Language-Relationship-Definition,False,2024-09-16T18:41:19Z
Markdown-Templates-For-LLM-Work,Markdown Templates For Large Language Model Work,Some very basic templates for saving LLM outputs in markdown-friendly notebooks (like Joplin),https://github.com/danielrosehill/Markdown-Templates-For-LLM-Work,False,2024-09-14T15:16:44Z
Data-Relationships-Helper,Data Relationships Helper,"Utility for helping users understand the classic data relationships in RDMSs (M2M, O2M, M2O etc)",https://github.com/danielrosehill/Data-Relationships-Helper,False,2024-09-10T17:09:31Z
Data-Analysis-Notebook,Data Analysis Notebook,A public notebook of some analytical work with datasets,https://github.com/danielrosehill/Data-Analysis-Notebook,False,2024-09-09T17:21:30Z
Distro-Tuner,Distro Tuner,Quick template for creating a local repo with symlinks to key system files on Linux,https://github.com/danielrosehill/Distro-Tuner,False,2024-09-01T13:18:18Z
Postgres-Utilities,Postgres Utilities,Little scripts and hacks for working with my favorite database!,https://github.com/danielrosehill/Postgres-Utilities,False,2024-08-25T08:28:57Z
refine-public-mods,Refine Public Mods,"A React Framework for building  internal tools, admin panels, dashboards & B2B apps with unmatched flexibility.",https://github.com/danielrosehill/refine-public-mods,True,2024-08-24T18:57:20Z
Fedora-GUIs,Fedora Guis,A few small learning projects intended at developing very simple GUIs for Fedora Linux,https://github.com/danielrosehill/Fedora-GUIs,False,2024-08-20T18:59:10Z
Snippet-Library,Snippet Library,Library of code snippets,https://github.com/danielrosehill/Snippet-Library,False,2024-08-12T14:15:01Z
Scaffolding-Scripts,Scaffolding Scripts,Scripts for scaffolding folder structures I commonly use,https://github.com/danielrosehill/Scaffolding-Scripts,False,2024-08-11T05:54:21Z
danielrosehill,Danielrosehill,Github homepage text,https://github.com/danielrosehill/danielrosehill,False,2024-08-11T02:00:11Z
Taxonomy-Generators,Taxonomy Generators,"Scripts for creating taxonomies, mostly Python",https://github.com/danielrosehill/Taxonomy-Generators,False,2024-08-09T17:51:47Z
AI-Generated-Code-Samples,Artificial Intelligence Generated Code Samples,Scripts and other programs generated with various LLMs. Sometimes they need refinement. Frequently they just work!,https://github.com/danielrosehill/AI-Generated-Code-Samples,False,2024-08-09T15:36:11Z
Shields-Markdown-Badges,Shields Markdown Badges,Markdown badges from the Shields.io project (the ones I like and use frequently),https://github.com/danielrosehill/Shields-Markdown-Badges,False,2024-08-09T14:50:15Z
LLM-Workspace-Scaffolding,Large Language Model Workspace Scaffolding,A folder structure (scaffold) for those employing systematic workflows for working with LLMs,https://github.com/danielrosehill/LLM-Workspace-Scaffolding,False,2024-08-09T13:23:59Z
My-Scaffolding-Templates,My Scaffolding Templates,File structure templates for common projects. More specific templates sometimes have their own repository.,https://github.com/danielrosehill/My-Scaffolding-Templates,False,2024-08-09T13:16:37Z
Document-Templates,Document Templates,Documentation matters! Some of the templates (in markdown) that I like to use,https://github.com/danielrosehill/Document-Templates,False,2024-08-09T10:37:05Z
Israel-Rocket-Shelter-Guidelines,Israel Rocket Shelter Guidelines,An improved translation of the Home Front Command instructions for finding emergency shelter in Israel,https://github.com/danielrosehill/Israel-Rocket-Shelter-Guidelines,False,2024-08-07T23:51:54Z
Custom-Chat-GPT-Finder,Custom Chat Generative Pre-trained Transformer Finder,Utility for identifying newly released custom ChatGPTs shared via the ChatGPT App Store,https://github.com/danielrosehill/Custom-Chat-GPT-Finder,False,2024-08-07T19:14:04Z
Output-Hub,Output Hub,"An admin application I'm developing for managing all aspects of working with LLMs professionally and at scale, with functions for prompt logging, prompt library, and custom LLM agent inventorising. Aspiration: add code to notes gradually as project matures!",https://github.com/danielrosehill/Output-Hub,False,2024-08-07T18:06:36Z
Awesome-LLM-Prompt-Libraries,Awesome Large Language Model Prompt Libraries,"An index of prompting libraries for GPTs, including ChatGPT. Some of these are on Github and others are hosted externally.",https://github.com/danielrosehill/Awesome-LLM-Prompt-Libraries,False,2024-08-07T16:50:44Z
Awesome-Prompt-Engineering,Awesome Prompt Engineering,"This repository contains a hand-curated resources for Prompt Engineering with a focus on Generative Pre-trained Transformer (GPT), ChatGPT, PaLM etc ",https://github.com/danielrosehill/Awesome-Prompt-Engineering,True,2024-08-07T16:47:21Z
awesome-chatgpt-prompts,Awesome Chatgpt Prompts,This repo includes ChatGPT prompt curation to use ChatGPT better.,https://github.com/danielrosehill/awesome-chatgpt-prompts,True,2024-08-07T16:47:07Z
Tampermonkey-Scripts,Tampermonkey Scripts,Tampermonkey scripts for browser automation tasks,https://github.com/danielrosehill/Tampermonkey-Scripts,False,2024-08-06T21:03:23Z
GPT_Python,Gpt_python,ChatGPT-generated Python scripts for various purposes,https://github.com/danielrosehill/GPT_Python,False,2024-08-05T11:51:23Z
Random-Taxonomies,Random Taxonomies,List of taxonomies generated with GPT for various purposes and open-sourced for ease of reuse,https://github.com/danielrosehill/Random-Taxonomies,False,2024-08-04T14:59:36Z
LLM-Use-Case-Self-Ideation,Large Language Model Use Case Self Ideation,LLM-generated documents describing potential use-cases for GPTs & other LLMs across both professional and business contexts with sections describing potential/predicted evolutions as underlying technology advances,https://github.com/danielrosehill/LLM-Use-Case-Self-Ideation,False,2024-08-04T10:54:06Z
homebox,Homebox,A continuation of HomeBox the inventory and organization system built for the Home User,https://github.com/danielrosehill/homebox,True,2024-08-04T04:08:17Z
Jerusalem-Public-Shelters,Jerusalem Public Shelters,Jerusalem public shelter locations extracted from ODBL licensed sources. Please do not rely upon these for your own preparedness efforts.,https://github.com/danielrosehill/Jerusalem-Public-Shelters,False,2024-08-03T17:49:59Z
opendefinition,Opendefinition,Open Definition source,https://github.com/danielrosehill/opendefinition,True,2024-08-03T17:46:42Z
LLM-Outputs,Large Language Model Outputs,Interesting GPT outputs demonstrating specific capabilities,https://github.com/danielrosehill/LLM-Outputs,False,2024-07-31T18:29:57Z
Awesome-LLM-Communities,Awesome Large Language Model Communities,Great online communities discussing use of LLMs including (but not limited to) ChatGPT,https://github.com/danielrosehill/Awesome-LLM-Communities,False,2024-07-30T19:35:42Z
Daniel-Public-Changelog,Daniel Public Changelog,A publicly accessible changelog of all my technical projects,https://github.com/danielrosehill/Daniel-Public-Changelog,False,2024-07-27T20:37:42Z
Github-Optimisation,Github Optimisation,Ideas and scripts for optimising Github repositories,https://github.com/danielrosehill/Github-Optimisation,False,2024-07-27T20:25:18Z
Prompt-Library,Prompt Library,A repository of prompts I've used when working with LLMs as well as some example outputs and notes,https://github.com/danielrosehill/Prompt-Library,False,2024-07-24T17:25:34Z
Python-Scripts,Python Scripts,Python scripts that are publicly shared via Github,https://github.com/danielrosehill/Python-Scripts,False,2024-07-18T19:13:08Z
Misc-Scripts,Misc Scripts,"Public collection of miscellaneous scripts, mostly for automation",https://github.com/danielrosehill/Misc-Scripts,False,2024-06-27T11:18:46Z
PersonalHomepage,Personalhomepage,My personal homepage - based on the Milky Way Astro theme by Tristen Tomczak ,https://github.com/danielrosehill/PersonalHomepage,False,2024-06-26T23:32:34Z
astrostarter,Astrostarter,A few spins on the Astro starter theme to demonstrate some capabilities that I like adding to this framework,https://github.com/danielrosehill/astrostarter,False,2024-06-26T23:14:14Z
Awesome-Linux-IDEs,Awesome Linux Ides,"IDEs and development tools that work on one or multiple Linux distros. where possible details are noted like the supported distros, programming languages and more.   ",https://github.com/danielrosehill/Awesome-Linux-IDEs,False,2024-05-19T17:20:38Z
minimal-awesome-list-generator,Minimal Awesome List Generator,A fork of the Awesome list generator modified for simplicity,https://github.com/danielrosehill/minimal-awesome-list-generator,True,2024-05-19T14:55:47Z
ImpactDBPipeline,Impactdbpipeline,Data ingress pipeline for Impact Database ,https://github.com/danielrosehill/ImpactDBPipeline,False,2024-04-21T15:36:37Z
Awesome-Kubernetes-Linux-Desktop,Awesome Kubernetes Linux Desktop,GUIs and other tools that make managing Kubernetes clusters easier for Linux desktop users (I use Ubuntu but will add resources for other distros),https://github.com/danielrosehill/Awesome-Kubernetes-Linux-Desktop,False,2024-04-20T17:48:38Z
Tech-Ideas,Tech Ideas,For open sourcing the occasional sparks of innovation I have but lack the time to implement them currently.,https://github.com/danielrosehill/Tech-Ideas,False,2024-04-18T16:03:18Z
ImpactInvestingData,Impactinvestingdata,A repository for housing visualisations and analyses of data related to impact investing approaches,https://github.com/danielrosehill/ImpactInvestingData,False,2024-04-15T01:59:19Z
Awesome-Israeli-Jewish-Home-Assistant,Awesome Israeli Jewish Home Assistant,Home automation projects that are relevant to people in Israel or Jews generally (e.g. Shabbat and zmanim time integrations),https://github.com/danielrosehill/Awesome-Israeli-Jewish-Home-Assistant,False,2024-04-12T12:54:28Z
awesome-opensource-israel,Awesome Opensource Israel,"A curated list of Israeli-made projects, events, and individuals",https://github.com/danielrosehill/awesome-opensource-israel,True,2024-04-10T17:56:35Z
Jewish-Sabbaths-Holidays,Jewish Sabbaths Holidays,Jewish Shabbat Yomtov and Holidays times and event,https://github.com/danielrosehill/Jewish-Sabbaths-Holidays,True,2024-04-04T19:33:43Z
Home-Assistant-Dashboards-General-,Home Assistant Dashboards General ,General Home Assistant dashboards - screenshots and YAML,https://github.com/danielrosehill/Home-Assistant-Dashboards-General-,False,2024-04-02T15:39:49Z
MakoletTime,Makolettime,A Home Assistant grocery list optimised for the needs of Israeli consumers.,https://github.com/danielrosehill/MakoletTime,False,2024-03-29T21:21:42Z
Home-Assistant-snippets,Home Assistant Snippets,Little snippets of YAML for HA as I figure out how to make it do stuff. Open sourcing it because .. why not!?,https://github.com/danielrosehill/Home-Assistant-snippets,False,2024-03-24T19:53:45Z
Home-Assistant-Shabbat-Yom-Tom,Home Assistant Shabbat Yom Tom,Automations and configurations for Home Assistant specifically intended for the observance of Jewish festivals and Shabbat,https://github.com/danielrosehill/Home-Assistant-Shabbat-Yom-Tom,False,2024-03-22T02:53:23Z
Homepage,Homepage,A homepage for my Github account. This page gives an overview of the projects I'm working on and sharing on Github.,https://github.com/danielrosehill/Homepage,False,2024-03-21T14:42:59Z
Impact-Investing-First-Entry-,Impact Investing First Entry ,A repository for hosting data about impact investing that is not covered by other more specific repositories here.,https://github.com/danielrosehill/Impact-Investing-First-Entry-,False,2024-03-21T01:05:22Z
Outcomes-Funds,Outcomes Funds,Data analysis and visualisations performed on data from various sources tracking the establishment and progress of outcomes funds around the world.,https://github.com/danielrosehill/Outcomes-Funds,False,2024-03-21T01:04:10Z
Impact-Weighted-Accounts-Demo-App,Impact Weighted Accounts Demo App,A prototype app for displaying impact-weighted accounting data for products serving data from NFC tags (example deployment: a supermarket),https://github.com/danielrosehill/Impact-Weighted-Accounts-Demo-App,False,2024-03-21T01:01:48Z
ImpactWeightedAccounts,Impactweightedaccounts,A repository for hosting data and data visualisations related to the work of the International Foundation for Valuing Impacts and other organizations pioneering the development and adoption of these methods (disclaimer: this is an independent project not affiliated or associated with any particular entity).,https://github.com/danielrosehill/ImpactWeightedAccounts,False,2024-03-19T20:02:29Z
backup_internet_israel,Backup_internet_israel,Network schematics and purchasing notes for those interested in provisioning failover and bonded internet connectivity in Israel (using locally sourced hardware),https://github.com/danielrosehill/backup_internet_israel,False,2021-09-06T03:29:41Z
Public-GPG-Keys,Public Gpg Keys,My public PGP keys,https://github.com/danielrosehill/Public-GPG-Keys,False,2021-03-11T14:30:22Z
twofactorauth,Twofactorauth,"List of sites with two factor auth support which includes SMS, email, phone calls, hardware, and software.",https://github.com/danielrosehill/twofactorauth,True,2020-10-26T12:36:31Z
MechanicalKeyboards,Mechanicalkeyboards,Some markdown documentation for my own reference regarding different Cherry MX mechanical keyboard switches. ,https://github.com/danielrosehill/MechanicalKeyboards,False,2020-06-14T20:10:12Z
FirstEntryPublic,Firstentrypublic,Files that needed to be added to other repositories,https://github.com/danielrosehill/FirstEntryPublic,False,2020-06-14T06:13:44Z
MyDesktop,Mydesktop,Markdown documentation for the evolution of my desktop,https://github.com/danielrosehill/MyDesktop,False,2020-06-07T23:55:24Z
Paleo-Hebrew,Paleo Hebrew,A repository dedicated to housing various projects in Paleo/Proto Hebrew: an ancient variant of the Hebrew alphabet used during Biblical times,https://github.com/danielrosehill/Paleo-Hebrew,False,2020-06-01T00:08:22Z
Cloud-Backup-Scripts,Cloud Backup Scripts,Various scripts for manually syncing and backing up cloud storage,https://github.com/danielrosehill/Cloud-Backup-Scripts,False,2020-05-08T12:16:51Z
Master_Backup_Strategy,Master_backup_strategy,"A markdown file summarizing my current approaches for creating 3-2-1 compliant backups of my local and cloud infrastructure including Linux desktop, VMs, SaaS utilities, and self-hosted cloud apps.",https://github.com/danielrosehill/Master_Backup_Strategy,False,2020-05-01T12:32:46Z
CloudBackupApproaches,Cloudbackupapproaches,Periodically updated markdown documentation summarizing manual / non-programmatic methodologies to back up commonly used SaaS / cloud-hosted software utilities.,https://github.com/danielrosehill/CloudBackupApproaches,False,2020-04-30T22:03:56Z
Home,Home,No description provided,https://github.com/danielrosehill/Home,False,2020-04-27T18:57:03Z
UbuntuBackupStrategy,Ubuntubackupstrategy,"Various Bash scripts, edited configuration packages, and other resources to be manually applied to a fresh Ubuntu installation. ",https://github.com/danielrosehill/UbuntuBackupStrategy,False,2020-02-22T22:23:43Z
danielrosehill.github.io,Danielrosehill.github.io,Github Repository,https://github.com/danielrosehill/danielrosehill.github.io,False,2019-12-26T17:40:25Z
Misc,Misc,Miscellaneous project files,https://github.com/danielrosehill/Misc,False,2019-12-09T02:47:07Z
